{"stats":{"minecraft:dropped":{"minecraft:stone_sword":1},"minecraft:custom":{"minecraft:jump":86,"minecraft:time_since_rest":5970,"minecraft:crouch_one_cm":133,"minecraft:leave_game":1,"minecraft:sprint_one_cm":15016,"minecraft:play_time":5970,"minecraft:walk_on_water_one_cm":599,"minecraft:time_since_death":5970,"minecraft:walk_one_cm":1982,"minecraft:sneak_time":46,"minecraft:total_world_time":5970,"minecraft:walk_under_water_one_cm":220,"minecraft:swim_one_cm":1096,"minecraft:fall_one_cm":3425,"minecraft:drop":1,"minecraft:fly_one_cm":22641},"minecraft:picked_up":{"minecraft:rotten_flesh":2}},"DataVersion":4189}