{"stats":{"minecraft:killed":{"minecraft:spider":1,"minecraft:zombie":3},"minecraft:custom":{"minecraft:jump":50,"minecraft:time_since_rest":2446,"minecraft:damage_dealt":851,"minecraft:leave_game":1,"minecraft:sprint_one_cm":2470,"minecraft:play_time":2446,"minecraft:damage_taken":130,"minecraft:time_since_death":2446,"minecraft:walk_one_cm":6233,"minecraft:total_world_time":2446,"minecraft:mob_kills":5,"minecraft:fall_one_cm":836,"minecraft:fly_one_cm":7117},"minecraft:used":{"minecraft:stone_sword":17},"minecraft:mined":{"minecraft:short_grass":4},"minecraft:picked_up":{"minecraft:rotten_flesh":2}},"DataVersion":4189}