{"stats":{"minecraft:custom":{"minecraft:jump":81,"minecraft:time_since_rest":3703,"minecraft:leave_game":1,"minecraft:crouch_one_cm":79,"minecraft:sprint_one_cm":11138,"minecraft:play_time":3703,"minecraft:time_since_death":3703,"minecraft:walk_one_cm":5142,"minecraft:sneak_time":29,"minecraft:total_world_time":3703,"minecraft:fall_one_cm":1463,"minecraft:fly_one_cm":15986},"minecraft:used":{"minecraft:stone_axe":13},"minecraft:mined":{"minecraft:short_grass":2,"minecraft:oak_log":12},"minecraft:picked_up":{"minecraft:oak_log":12}},"DataVersion":4189}