{"stats":{"minecraft:custom":{"minecraft:mob_kills":23,"minecraft:leave_game":9,"minecraft:time_since_death":324962,"minecraft:sleep_in_bed":1,"minecraft:time_since_rest":203726,"minecraft:sprint_one_cm":157659,"minecraft:walk_one_cm":282482,"minecraft:drop":4,"minecraft:damage_dealt":4255,"minecraft:fly_one_cm":1575325,"minecraft:play_time":324962,"minecraft:crouch_one_cm":2316,"minecraft:sneak_time":871,"minecraft:walk_under_water_one_cm":19177,"minecraft:jump":2178,"minecraft:walk_on_water_one_cm":4861,"minecraft:total_world_time":324962,"minecraft:fall_one_cm":15199},"minecraft:picked_up":{"minecraft:ominous_bottle":1,"minecraft:leather":2,"minecraft:gilded_blackstone":1,"minecraft:gunpowder":6,"minecraft:dirt":16,"minecraft:string":5,"minecraft:white_banner":1,"minecraft:bone":4,"minecraft:wheat_seeds":12,"minecraft:netherite_axe":6,"minecraft:light_gray_wool":2,"minecraft:stick":1,"minecraft:torch":3,"minecraft:dandelion":1,"minecraft:gravel":4,"minecraft:crimson_stairs":1,"minecraft:porkchop":1,"minecraft:sand":4,"minecraft:cherry_log":2,"minecraft:grass_block":1,"minecraft:sea_lantern":1,"minecraft:arrow":2,"minecraft:glowstone":1,"minecraft:netherite_hoe":2,"minecraft:mutton":3,"minecraft:skeleton_skull":1,"minecraft:oxeye_daisy":1},"minecraft:killed":{"minecraft:cat":2,"minecraft:pig":1,"minecraft:spider":3,"minecraft:creeper":5,"minecraft:sheep":2,"minecraft:skeleton":4,"minecraft:pillager":2,"minecraft:zombie":2,"minecraft:donkey":1},"minecraft:used":{"minecraft:dark_oak_stairs":11,"minecraft:water_bucket":125,"minecraft:netherite_sword":6,"minecraft:cherry_wood":2,"minecraft:stone_sword":10,"minecraft:crimson_fence":59,"minecraft:prismarine":28,"minecraft:birch_wood":6,"minecraft:spruce_planks":1,"minecraft:cherry_planks":13,"minecraft:polished_blackstone_wall":7,"minecraft:gilded_blackstone":71,"minecraft:torch":655,"minecraft:target":1,"minecraft:oak_wood":1,"minecraft:purple_stained_glass":19,"minecraft:oak_log":13,"minecraft:wooden_axe":33,"minecraft:sea_lantern":24,"minecraft:mace":2,"minecraft:grass_block":22,"minecraft:cherry_slab":12,"minecraft:crimson_slab":16,"minecraft:netherite_axe":11,"minecraft:polished_blackstone_brick_wall":23,"minecraft:cherry_trapdoor":4,"minecraft:netherite_hoe":5,"minecraft:cat_spawn_egg":7,"minecraft:light_gray_wool":2,"minecraft:tadpole_bucket":3,"minecraft:glowstone":4,"minecraft:crimson_stairs":21,"minecraft:bucket":8,"minecraft:pink_stained_glass":51,"minecraft:stripped_oak_log":26,"minecraft:cherry_fence":20,"minecraft:cherry_log":40},"minecraft:dropped":{"minecraft:grass_block":1,"minecraft:torch":1,"minecraft:glowstone":1,"minecraft:gilded_blackstone":1},"minecraft:mined":{"minecraft:cherry_log":1,"minecraft:torch":1,"minecraft:short_grass":1}},"DataVersion":4189}