{"stats":{"minecraft:dropped":{"minecraft:cherry_wood":1,"minecraft:polished_blackstone_wall":1,"minecraft:pink_stained_glass":1,"minecraft:sugar_cane":17,"minecraft:netherite_hoe":3,"minecraft:cherry_log":4,"minecraft:netherite_axe":2,"minecraft:stripped_oak_log":2,"minecraft:spruce_door":8,"minecraft:polished_blackstone_brick_wall":3,"minecraft:purple_stained_glass":13,"minecraft:stick":1,"minecraft:potato":16,"minecraft:sea_lantern":2,"minecraft:crimson_stairs":1,"minecraft:crimson_slab":1,"minecraft:cherry_trapdoor":1,"minecraft:wooden_axe":1,"minecraft:glowstone":1,"minecraft:cherry_planks":2,"minecraft:spruce_wood":128,"minecraft:crimson_fence":2,"minecraft:beef":1},"minecraft:killed":{"minecraft:spider":3,"minecraft:zombie_horse":15,"minecraft:creeper":6,"minecraft:wither":1,"minecraft:skeleton":7,"minecraft:donkey":2,"minecraft:zombie":4,"minecraft:bee":1,"minecraft:chicken":3,"minecraft:cow":5},"minecraft:custom":{"minecraft:mob_kills":47,"minecraft:leave_game":23,"minecraft:time_since_death":542276,"minecraft:sleep_in_bed":2,"minecraft:damage_resisted":111,"minecraft:time_since_rest":408272,"minecraft:damage_absorbed":225,"minecraft:sprint_one_cm":260325,"minecraft:damage_taken":474,"minecraft:walk_one_cm":212716,"minecraft:drop":149,"minecraft:damage_dealt":12853,"minecraft:interact_with_beacon":2,"minecraft:swim_one_cm":5809,"minecraft:fly_one_cm":3353415,"minecraft:crouch_one_cm":18035,"minecraft:play_time":542276,"minecraft:sneak_time":10016,"minecraft:walk_under_water_one_cm":41839,"minecraft:jump":1682,"minecraft:walk_on_water_one_cm":34232,"minecraft:total_world_time":542276,"minecraft:fall_one_cm":17683,"minecraft:horse_one_cm":392},"minecraft:mined":{"minecraft:short_grass":81,"minecraft:tall_grass":10,"minecraft:bee_nest":1,"minecraft:oak_log":5},"minecraft:used":{"minecraft:zombie_horse_spawn_egg":20,"minecraft:water_bucket":50,"minecraft:netherite_sword":126,"minecraft:cow_spawn_egg":5,"minecraft:wither_skeleton_skull":3,"minecraft:netherite_chestplate":1,"minecraft:prismarine":385,"minecraft:zombie_spawn_egg":40,"minecraft:redstone_block":2,"minecraft:sculk":9,"minecraft:beacon":3,"minecraft:torch":85,"minecraft:glow_item_frame":1,"minecraft:soul_sand":5,"minecraft:dirt":79,"minecraft:sand":7,"minecraft:skeleton_spawn_egg":9,"minecraft:netherite_leggings":1,"minecraft:netherite_helmet":1,"minecraft:white_bed":1,"minecraft:creeper_spawn_egg":1,"minecraft:oak_log":130,"minecraft:wooden_axe":61,"minecraft:wooden_hoe":4,"minecraft:grass_block":339,"minecraft:birch_sapling":6,"minecraft:netherite_axe":7,"minecraft:netherite_hoe":21,"minecraft:gravel":37,"minecraft:item_frame":2,"minecraft:stone_axe":5,"minecraft:netherite_boots":3,"minecraft:oak_sapling":47,"minecraft:bucket":49,"minecraft:egg":1,"minecraft:golden_axe":4,"minecraft:enchanted_golden_apple":5,"minecraft:bone_meal":272},"minecraft:picked_up":{"minecraft:stripped_oak_log":1,"minecraft:azure_bluet":1,"minecraft:feather":1,"minecraft:chicken":3,"minecraft:leather":6,"minecraft:oak_stairs":7,"minecraft:wither_rose":2,"minecraft:oak_log":29,"minecraft:gunpowder":2,"minecraft:purple_stained_glass":10,"minecraft:dirt":16,"minecraft:string":5,"minecraft:bone":9,"minecraft:bow":1,"minecraft:kelp":6,"minecraft:wheat_seeds":21,"minecraft:spruce_wood":128,"minecraft:beef":7,"minecraft:netherite_axe":3,"minecraft:poppy":1,"minecraft:egg":1,"minecraft:stick":2,"minecraft:glow_item_frame":4,"minecraft:dandelion":6,"minecraft:cherry_log":1,"minecraft:grass_block":1,"minecraft:spruce_door":1,"minecraft:spider_eye":1,"minecraft:arrow":7,"minecraft:rotten_flesh":23,"minecraft:bone_meal":1,"minecraft:cod":2,"minecraft:nether_star":1}},"DataVersion":4189}