{"stats":{"minecraft:killed_by":{"minecraft:spider":2,"minecraft:zombie":2},"minecraft:killed":{"minecraft:spider":2,"minecraft:sheep":4,"minecraft:skeleton":2,"minecraft:zombie":2,"minecraft:cow":3},"minecraft:custom":{"minecraft:interact_with_furnace":27,"minecraft:mob_kills":13,"minecraft:interact_with_crafting_table":13,"minecraft:leave_game":1,"minecraft:time_since_death":13194,"minecraft:sleep_in_bed":3,"minecraft:climb_one_cm":86,"minecraft:time_since_rest":7112,"minecraft:sprint_one_cm":102503,"minecraft:damage_taken":15491,"minecraft:walk_one_cm":142973,"minecraft:damage_dealt":1494,"minecraft:fly_one_cm":257482,"minecraft:open_chest":4,"minecraft:crouch_one_cm":496,"minecraft:play_time":58154,"minecraft:deaths":4,"minecraft:sneak_time":724,"minecraft:walk_under_water_one_cm":25,"minecraft:boat_one_cm":158752,"minecraft:jump":1299,"minecraft:walk_on_water_one_cm":5605,"minecraft:total_world_time":58154,"minecraft:fall_one_cm":39955},"minecraft:broken":{"minecraft:leather_helmet":1},"minecraft:mined":{"minecraft:crafting_table":7,"minecraft:torch":1,"minecraft:short_grass":105,"minecraft:grass_block":1,"minecraft:tall_grass":56,"minecraft:sugar_cane":26,"minecraft:furnace":5,"minecraft:fire":1,"minecraft:yellow_bed":5,"minecraft:oak_log":76,"minecraft:coal_ore":16,"minecraft:vine":2,"minecraft:stripped_oak_log":1,"minecraft:stone":63,"minecraft:stonecutter":1,"minecraft:oak_leaves":22,"minecraft:fern":4},"minecraft:used":{"minecraft:cooked_mutton":1,"minecraft:stone_sword":77,"minecraft:stone_pickaxe":87,"minecraft:baked_potato":3,"minecraft:torch":20,"minecraft:dirt":1,"minecraft:crafting_table":7,"minecraft:apple":5,"minecraft:bread":4,"minecraft:leather_helmet":2,"minecraft:stone_axe":183,"minecraft:oak_sapling":1,"minecraft:furnace":5,"minecraft:yellow_bed":4,"minecraft:oak_boat":2,"minecraft:cooked_beef":1},"minecraft:crafted":{"minecraft:cooked_beef":1,"minecraft:oak_planks":264,"minecraft:crafting_table":1,"minecraft:baked_potato":3,"minecraft:furnace":2,"minecraft:stone_axe":3,"minecraft:cooked_mutton":2,"minecraft:air":0,"minecraft:oak_boat":2,"minecraft:charcoal":28,"minecraft:stick":12,"minecraft:torch":24},"minecraft:picked_up":{"minecraft:charcoal":6,"minecraft:crafting_table":9,"minecraft:jungle_log":8,"minecraft:leather":3,"minecraft:potato":16,"minecraft:oak_log":138,"minecraft:yellow_bed":7,"minecraft:dirt":1,"minecraft:string":2,"minecraft:bone":4,"minecraft:apple":1,"minecraft:stonecutter":1,"minecraft:wheat_seeds":18,"minecraft:beef":4,"minecraft:stone_pickaxe":2,"minecraft:oak_boat":3,"minecraft:sugar_cane":73,"minecraft:oak_planks":64,"minecraft:furnace":4,"minecraft:stick":3,"minecraft:torch":1,"minecraft:spider_eye":1,"minecraft:leather_helmet":1,"minecraft:stone_sword":1,"minecraft:arrow":1,"minecraft:stone_shovel":2,"minecraft:stone_axe":1,"minecraft:emerald":2,"minecraft:oak_sapling":10,"minecraft:mutton":6,"minecraft:coal":9,"minecraft:white_wool":4,"minecraft:cobblestone":115}},"DataVersion":4189}