{"minecraft:recipes/decorations/torch":{"criteria":{"has_stone_pickaxe":"2025-03-03 23:16:46 +0000"},"done":true},"minecraft:story/upgrade_tools":{"criteria":{"stone_pickaxe":"2025-03-03 23:16:46 +0000"},"done":true},"minecraft:recipes/decorations/crafting_table":{"criteria":{"unlock_right_away":"2025-03-03 23:16:46 +0000"},"done":true},"minecraft:adventure/root":{"criteria":{"killed_something":"2025-03-03 23:17:31 +0000"},"done":true},"minecraft:adventure/kill_all_mobs":{"criteria":{"minecraft:spider":"2025-03-03 23:17:51 +0000","minecraft:zombie":"2025-03-03 23:17:31 +0000"},"done":false},"minecraft:adventure/kill_a_mob":{"criteria":{"minecraft:zombie":"2025-03-03 23:17:31 +0000"},"done":true},"minecraft:adventure/adventuring_time":{"criteria":{"minecraft:plains":"2025-03-03 23:16:47 +0000"},"done":false},"DataVersion":4189}