{"minecraft:recipes/decorations/torch":{"criteria":{"has_stone_pickaxe":"2025-03-03 22:40:20 +0000"},"done":true},"minecraft:recipes/misc/charcoal":{"criteria":{"has_log":"2025-03-03 22:42:28 +0000"},"done":true},"minecraft:story/upgrade_tools":{"criteria":{"stone_pickaxe":"2025-03-03 22:40:20 +0000"},"done":true},"minecraft:recipes/decorations/crafting_table":{"criteria":{"unlock_right_away":"2025-03-03 22:40:20 +0000"},"done":true},"minecraft:recipes/building_blocks/oak_planks":{"criteria":{"has_logs":"2025-03-03 22:42:28 +0000"},"done":true},"minecraft:adventure/adventuring_time":{"criteria":{"minecraft:beach":"2025-03-03 22:40:47 +0000","minecraft:plains":"2025-03-03 22:40:20 +0000"},"done":false},"minecraft:recipes/building_blocks/oak_wood":{"criteria":{"has_log":"2025-03-03 22:42:28 +0000"},"done":true},"DataVersion":4189}