{"minecraft:recipes/decorations/crafting_table":{"criteria":{"unlock_right_away":"2025-03-02 23:03:37 +0000"},"done":true},"minecraft:recipes/decorations/torch":{"criteria":{"has_stone_pickaxe":"2025-03-02 23:03:38 +0000"},"done":true},"minecraft:story/upgrade_tools":{"criteria":{"stone_pickaxe":"2025-03-02 23:03:38 +0000"},"done":true},"minecraft:adventure/adventuring_time":{"criteria":{"minecraft:badlands":"2025-03-02 23:26:42 +0000","minecraft:flower_forest":"2025-03-03 15:27:48 +0000","minecraft:beach":"2025-03-02 23:05:46 +0000","minecraft:forest":"2025-03-03 14:45:27 +0000","minecraft:ocean":"2025-03-03 00:20:36 +0000","minecraft:river":"2025-03-03 00:20:28 +0000","minecraft:plains":"2025-03-02 23:03:38 +0000"},"done":false},"minecraft:adventure/root":{"criteria":{"killed_something":"2025-03-02 23:04:35 +0000"},"done":true},"minecraft:recipes/combat/leather_helmet":{"criteria":{"has_leather":"2025-03-02 23:04:36 +0000"},"done":true},"minecraft:recipes/combat/leather_leggings":{"criteria":{"has_leather":"2025-03-02 23:04:36 +0000"},"done":true},"minecraft:recipes/decorations/item_frame":{"criteria":{"has_leather":"2025-03-02 23:04:36 +0000"},"done":true},"minecraft:recipes/combat/leather_chestplate":{"criteria":{"has_leather":"2025-03-02 23:04:36 +0000"},"done":true},"minecraft:recipes/combat/leather_boots":{"criteria":{"has_leather":"2025-03-02 23:04:36 +0000"},"done":true},"minecraft:recipes/misc/leather_horse_armor":{"criteria":{"has_leather":"2025-03-02 23:04:36 +0000"},"done":true},"minecraft:recipes/food/cooked_mutton_from_smoking":{"criteria":{"has_mutton":"2025-03-02 23:04:44 +0000"},"done":true},"minecraft:recipes/decorations/light_gray_bed":{"criteria":{"has_light_gray_wool":"2025-03-02 23:04:44 +0000"},"done":true},"minecraft:recipes/food/cooked_mutton":{"criteria":{"has_mutton":"2025-03-02 23:04:44 +0000"},"done":true},"minecraft:recipes/decorations/painting":{"criteria":{"has_wool":"2025-03-02 23:04:44 +0000"},"done":true},"minecraft:recipes/food/cooked_mutton_from_campfire_cooking":{"criteria":{"has_mutton":"2025-03-02 23:04:44 +0000"},"done":true},"minecraft:recipes/decorations/light_gray_banner":{"criteria":{"has_light_gray_wool":"2025-03-02 23:04:44 +0000"},"done":true},"minecraft:recipes/decorations/light_gray_carpet":{"criteria":{"has_light_gray_wool":"2025-03-02 23:04:44 +0000"},"done":true},"minecraft:recipes/transportation/mangrove_boat":{"criteria":{"in_water":"2025-03-02 23:05:49 +0000"},"done":true},"minecraft:recipes/transportation/acacia_boat":{"criteria":{"in_water":"2025-03-02 23:05:49 +0000"},"done":true},"minecraft:recipes/transportation/cherry_boat":{"criteria":{"in_water":"2025-03-02 23:05:49 +0000"},"done":true},"minecraft:recipes/transportation/pale_oak_boat":{"criteria":{"in_water":"2025-03-02 23:05:49 +0000"},"done":true},"minecraft:recipes/transportation/bamboo_raft":{"criteria":{"in_water":"2025-03-02 23:05:49 +0000"},"done":true},"minecraft:recipes/transportation/spruce_boat":{"criteria":{"in_water":"2025-03-02 23:05:49 +0000"},"done":true},"minecraft:recipes/transportation/birch_boat":{"criteria":{"in_water":"2025-03-02 23:05:49 +0000"},"done":true},"minecraft:recipes/transportation/oak_boat":{"criteria":{"in_water":"2025-03-02 23:05:49 +0000"},"done":true},"minecraft:recipes/transportation/jungle_boat":{"criteria":{"in_water":"2025-03-02 23:05:49 +0000"},"done":true},"minecraft:recipes/transportation/dark_oak_boat":{"criteria":{"in_water":"2025-03-02 23:05:49 +0000"},"done":true},"minecraft:adventure/kill_all_mobs":{"criteria":{"minecraft:pillager":"2025-03-03 14:44:47 +0000","minecraft:skeleton":"2025-03-02 23:06:07 +0000","minecraft:spider":"2025-03-02 23:08:39 +0000","minecraft:zombie":"2025-03-03 14:18:38 +0000","minecraft:creeper":"2025-03-02 23:09:15 +0000"},"done":false},"minecraft:adventure/kill_a_mob":{"criteria":{"minecraft:skeleton":"2025-03-02 23:06:07 +0000"},"done":true},"minecraft:recipes/misc/bone_meal":{"criteria":{"has_bone":"2025-03-02 23:06:24 +0000"},"done":true},"minecraft:recipes/misc/firework_rocket_simple":{"criteria":{"has_gunpowder":"2025-03-02 23:09:16 +0000"},"done":true},"minecraft:recipes/redstone/tnt":{"criteria":{"has_gunpowder":"2025-03-02 23:09:16 +0000"},"done":true},"minecraft:recipes/misc/charcoal":{"criteria":{"has_log":"2025-03-02 23:13:34 +0000"},"done":true},"minecraft:recipes/building_blocks/oak_planks":{"criteria":{"has_logs":"2025-03-02 23:13:34 +0000"},"done":true},"minecraft:recipes/building_blocks/stripped_oak_wood":{"criteria":{"has_log":"2025-03-02 23:13:34 +0000"},"done":true},"minecraft:recipes/decorations/oak_hanging_sign":{"criteria":{"has_stripped_logs":"2025-03-02 23:13:34 +0000"},"done":true},"minecraft:recipes/redstone/spruce_button":{"criteria":{"has_planks":"2025-03-02 23:13:40 +0000"},"done":true},"minecraft:recipes/redstone/spruce_pressure_plate":{"criteria":{"has_planks":"2025-03-02 23:13:40 +0000"},"done":true},"minecraft:recipes/decorations/spruce_sign":{"criteria":{"has_planks":"2025-03-02 23:13:40 +0000"},"done":true},"minecraft:recipes/redstone/spruce_trapdoor":{"criteria":{"has_planks":"2025-03-02 23:13:40 +0000"},"done":true},"minecraft:recipes/redstone/spruce_door":{"criteria":{"has_planks":"2025-03-02 23:13:40 +0000"},"done":true},"minecraft:recipes/redstone/spruce_fence_gate":{"criteria":{"has_planks":"2025-03-02 23:13:40 +0000"},"done":true},"minecraft:recipes/misc/stick":{"criteria":{"has_planks":"2025-03-02 23:13:40 +0000"},"done":true},"minecraft:recipes/decorations/barrel":{"criteria":{"has_planks":"2025-03-02 23:13:40 +0000"},"done":true},"minecraft:recipes/decorations/spruce_fence":{"criteria":{"has_planks":"2025-03-02 23:13:40 +0000"},"done":true},"minecraft:recipes/building_blocks/spruce_stairs":{"criteria":{"has_planks":"2025-03-02 23:13:40 +0000"},"done":true},"minecraft:recipes/building_blocks/spruce_slab":{"criteria":{"has_planks":"2025-03-02 23:13:40 +0000"},"done":true},"minecraft:recipes/building_blocks/birch_planks":{"criteria":{"has_logs":"2025-03-02 23:15:42 +0000"},"done":true},"minecraft:recipes/building_blocks/cherry_planks":{"criteria":{"has_log":"2025-03-02 23:16:53 +0000"},"done":true},"minecraft:recipes/building_blocks/cherry_wood":{"criteria":{"has_log":"2025-03-02 23:16:53 +0000"},"done":true},"minecraft:recipes/building_blocks/cherry_slab":{"criteria":{"has_planks":"2025-03-02 23:17:35 +0000"},"done":true},"minecraft:recipes/redstone/cherry_fence_gate":{"criteria":{"has_planks":"2025-03-02 23:17:35 +0000"},"done":true},"minecraft:recipes/decorations/cherry_sign":{"criteria":{"has_planks":"2025-03-02 23:17:35 +0000"},"done":true},"minecraft:recipes/redstone/cherry_pressure_plate":{"criteria":{"has_planks":"2025-03-02 23:17:35 +0000"},"done":true},"minecraft:recipes/decorations/cherry_fence":{"criteria":{"has_planks":"2025-03-02 23:17:35 +0000"},"done":true},"minecraft:recipes/building_blocks/cherry_stairs":{"criteria":{"has_planks":"2025-03-02 23:17:35 +0000"},"done":true},"minecraft:recipes/redstone/cherry_trapdoor":{"criteria":{"has_planks":"2025-03-02 23:17:35 +0000"},"done":true},"minecraft:recipes/redstone/cherry_button":{"criteria":{"has_planks":"2025-03-02 23:17:35 +0000"},"done":true},"minecraft:recipes/redstone/cherry_door":{"criteria":{"has_planks":"2025-03-02 23:17:35 +0000"},"done":true},"minecraft:recipes/decorations/chest":{"criteria":{"has_lots_of_items":"2025-03-02 23:20:24 +0000"},"done":true},"minecraft:recipes/redstone/redstone_lamp":{"criteria":{"has_glowstone":"2025-03-02 23:20:28 +0000"},"done":true},"minecraft:recipes/misc/flower_banner_pattern":{"criteria":{"has_oxeye_daisy":"2025-03-02 23:21:30 +0000"},"done":true},"minecraft:recipes/misc/light_gray_dye_from_oxeye_daisy":{"criteria":{"has_oxeye_daisy":"2025-03-02 23:21:30 +0000"},"done":true},"minecraft:recipes/food/suspicious_stew_from_oxeye_daisy":{"criteria":{"has_oxeye_daisy":"2025-03-02 23:21:30 +0000"},"done":true},"minecraft:recipes/food/suspicious_stew_from_dandelion":{"criteria":{"has_dandelion":"2025-03-02 23:21:31 +0000"},"done":true},"minecraft:recipes/misc/yellow_dye_from_dandelion":{"criteria":{"has_dandelion":"2025-03-02 23:21:31 +0000"},"done":true},"minecraft:recipes/brewing/cauldron":{"criteria":{"has_water_bucket":"2025-03-02 23:23:27 +0000"},"done":true},"minecraft:recipes/decorations/pink_stained_glass_pane":{"criteria":{"has_glass":"2025-03-02 23:25:20 +0000"},"done":true},"minecraft:recipes/decorations/composter":{"criteria":{"has_wood_slab":"2025-03-02 23:28:26 +0000"},"done":true},"minecraft:recipes/combat/bow":{"criteria":{"has_string":"2025-03-02 23:34:31 +0000"},"done":true},"minecraft:recipes/tools/fishing_rod":{"criteria":{"has_string":"2025-03-02 23:34:31 +0000"},"done":true},"minecraft:recipes/building_blocks/white_wool_from_string":{"criteria":{"has_string":"2025-03-02 23:34:31 +0000"},"done":true},"minecraft:recipes/redstone/tripwire_hook":{"criteria":{"has_string":"2025-03-02 23:34:31 +0000"},"done":true},"minecraft:recipes/combat/crossbow":{"criteria":{"has_string":"2025-03-02 23:34:31 +0000"},"done":true},"minecraft:recipes/decorations/candle":{"criteria":{"has_string":"2025-03-02 23:34:31 +0000"},"done":true},"minecraft:recipes/decorations/loom":{"criteria":{"has_string":"2025-03-02 23:34:31 +0000"},"done":true},"minecraft:recipes/tools/bundle":{"criteria":{"has_string":"2025-03-02 23:34:31 +0000"},"done":true},"minecraft:recipes/building_blocks/lime_concrete_powder":{"criteria":{"has_sand":"2025-03-02 23:34:34 +0000"},"done":true},"minecraft:recipes/building_blocks/coarse_dirt":{"criteria":{"has_gravel":"2025-03-02 23:34:34 +0000"},"done":true},"minecraft:recipes/building_blocks/light_gray_concrete_powder":{"criteria":{"has_sand":"2025-03-02 23:34:34 +0000"},"done":true},"minecraft:recipes/building_blocks/pink_concrete_powder":{"criteria":{"has_sand":"2025-03-02 23:34:34 +0000"},"done":true},"minecraft:recipes/building_blocks/orange_concrete_powder":{"criteria":{"has_sand":"2025-03-02 23:34:34 +0000"},"done":true},"minecraft:recipes/building_blocks/red_concrete_powder":{"criteria":{"has_sand":"2025-03-02 23:34:34 +0000"},"done":true},"minecraft:recipes/building_blocks/magenta_concrete_powder":{"criteria":{"has_sand":"2025-03-02 23:34:34 +0000"},"done":true},"minecraft:recipes/building_blocks/brown_concrete_powder":{"criteria":{"has_sand":"2025-03-02 23:34:34 +0000"},"done":true},"minecraft:recipes/building_blocks/light_blue_concrete_powder":{"criteria":{"has_sand":"2025-03-02 23:34:34 +0000"},"done":true},"minecraft:recipes/building_blocks/glass":{"criteria":{"has_smelts_to_glass":"2025-03-02 23:34:34 +0000"},"done":true},"minecraft:recipes/building_blocks/green_concrete_powder":{"criteria":{"has_sand":"2025-03-02 23:34:34 +0000"},"done":true},"minecraft:recipes/building_blocks/blue_concrete_powder":{"criteria":{"has_sand":"2025-03-02 23:34:34 +0000"},"done":true},"minecraft:recipes/building_blocks/yellow_concrete_powder":{"criteria":{"has_sand":"2025-03-02 23:34:34 +0000"},"done":true},"minecraft:recipes/building_blocks/sandstone":{"criteria":{"has_sand":"2025-03-02 23:34:34 +0000"},"done":true},"minecraft:recipes/building_blocks/white_concrete_powder":{"criteria":{"has_sand":"2025-03-02 23:34:34 +0000"},"done":true},"minecraft:recipes/building_blocks/gray_concrete_powder":{"criteria":{"has_sand":"2025-03-02 23:34:34 +0000"},"done":true},"minecraft:recipes/building_blocks/black_concrete_powder":{"criteria":{"has_sand":"2025-03-02 23:34:34 +0000"},"done":true},"minecraft:recipes/building_blocks/purple_concrete_powder":{"criteria":{"has_sand":"2025-03-02 23:34:34 +0000"},"done":true},"minecraft:recipes/building_blocks/cyan_concrete_powder":{"criteria":{"has_sand":"2025-03-02 23:34:34 +0000"},"done":true},"minecraft:recipes/decorations/ladder":{"criteria":{"has_stick":"2025-03-02 23:35:34 +0000"},"done":true},"minecraft:recipes/decorations/campfire":{"criteria":{"has_stick":"2025-03-02 23:35:34 +0000"},"done":true},"minecraft:recipes/tools/wooden_hoe":{"criteria":{"has_stick":"2025-03-02 23:35:34 +0000"},"done":true},"minecraft:recipes/tools/wooden_pickaxe":{"criteria":{"has_stick":"2025-03-02 23:35:34 +0000"},"done":true},"minecraft:recipes/tools/wooden_axe":{"criteria":{"has_stick":"2025-03-02 23:35:34 +0000"},"done":true},"minecraft:recipes/tools/wooden_shovel":{"criteria":{"has_stick":"2025-03-02 23:35:34 +0000"},"done":true},"minecraft:recipes/combat/wooden_sword":{"criteria":{"has_stick":"2025-03-02 23:35:34 +0000"},"done":true},"minecraft:husbandry/obtain_netherite_hoe":{"criteria":{"netherite_hoe":"2025-03-02 23:43:28 +0000"},"done":true},"minecraft:recipes/decorations/purple_stained_glass_pane":{"criteria":{"has_glass":"2025-03-03 00:27:08 +0000"},"done":true},"minecraft:adventure/sleep_in_bed":{"criteria":{"slept_in_bed":"2025-03-03 00:44:46 +0000"},"done":true},"minecraft:recipes/building_blocks/oak_wood":{"criteria":{"has_log":"2025-03-03 14:41:02 +0000"},"done":true},"minecraft:adventure/voluntary_exile":{"criteria":{"voluntary_exile":"2025-03-03 14:44:47 +0000"},"done":true},"minecraft:recipes/decorations/prismarine_wall_from_prismarine_stonecutting":{"criteria":{"has_prismarine":"2025-03-03 14:56:50 +0000"},"done":true},"minecraft:recipes/building_blocks/prismarine_stairs":{"criteria":{"has_prismarine":"2025-03-03 14:56:50 +0000"},"done":true},"minecraft:recipes/decorations/prismarine_wall":{"criteria":{"has_prismarine":"2025-03-03 14:56:50 +0000"},"done":true},"minecraft:recipes/building_blocks/prismarine_slab_from_prismarine_stonecutting":{"criteria":{"has_prismarine":"2025-03-03 14:56:50 +0000"},"done":true},"minecraft:recipes/building_blocks/prismarine_slab":{"criteria":{"has_prismarine":"2025-03-03 14:56:50 +0000"},"done":true},"minecraft:recipes/building_blocks/prismarine_stairs_from_prismarine_stonecutting":{"criteria":{"has_prismarine":"2025-03-03 14:56:50 +0000"},"done":true},"minecraft:recipes/food/cooked_porkchop":{"criteria":{"has_porkchop":"2025-03-03 15:49:27 +0000"},"done":true},"minecraft:recipes/food/cooked_porkchop_from_campfire_cooking":{"criteria":{"has_porkchop":"2025-03-03 15:49:27 +0000"},"done":true},"minecraft:recipes/food/cooked_porkchop_from_smoking":{"criteria":{"has_porkchop":"2025-03-03 15:49:27 +0000"},"done":true},"DataVersion":4189}