{"minecraft:recipes/decorations/crafting_table":{"criteria":{"unlock_right_away":"2025-03-02 22:55:49 +0000"},"done":true},"minecraft:adventure/adventuring_time":{"criteria":{"minecraft:badlands":"2025-03-03 00:17:24 +0000","minecraft:flower_forest":"2025-03-03 14:51:25 +0000","minecraft:beach":"2025-03-02 22:55:51 +0000","minecraft:forest":"2025-03-03 00:35:31 +0000","minecraft:sparse_jungle":"2025-03-03 23:09:45 +0000","minecraft:ocean":"2025-03-03 00:06:30 +0000","minecraft:river":"2025-03-03 00:37:03 +0000","minecraft:lukewarm_ocean":"2025-03-03 23:10:45 +0000","minecraft:savanna":"2025-03-03 23:24:28 +0000","minecraft:plains":"2025-03-02 22:55:49 +0000","minecraft:deep_lukewarm_ocean":"2025-03-03 23:23:12 +0000"},"done":false},"minecraft:recipes/combat/leather_helmet":{"criteria":{"has_leather":"2025-03-02 23:13:57 +0000"},"done":true},"minecraft:recipes/combat/leather_leggings":{"criteria":{"has_leather":"2025-03-02 23:13:57 +0000"},"done":true},"minecraft:recipes/decorations/item_frame":{"criteria":{"has_leather":"2025-03-02 23:13:57 +0000"},"done":true},"minecraft:recipes/combat/leather_chestplate":{"criteria":{"has_leather":"2025-03-02 23:13:57 +0000"},"done":true},"minecraft:adventure/root":{"criteria":{"killed_something":"2025-03-02 23:13:57 +0000"},"done":true},"minecraft:recipes/combat/leather_boots":{"criteria":{"has_leather":"2025-03-02 23:13:57 +0000"},"done":true},"minecraft:recipes/misc/leather_horse_armor":{"criteria":{"has_leather":"2025-03-02 23:13:57 +0000"},"done":true},"minecraft:recipes/redstone/dispenser":{"criteria":{"has_bow":"2025-03-02 23:14:06 +0000"},"done":true},"minecraft:adventure/kill_all_mobs":{"criteria":{"minecraft:skeleton":"2025-03-02 23:14:06 +0000","minecraft:spider":"2025-03-03 11:35:35 +0000","minecraft:zombie":"2025-03-03 00:47:01 +0000","minecraft:creeper":"2025-03-03 11:47:41 +0000","minecraft:wither":"2025-03-03 12:11:12 +0000"},"done":false},"minecraft:recipes/misc/bone_meal":{"criteria":{"has_bone":"2025-03-02 23:14:06 +0000"},"done":true},"minecraft:adventure/kill_a_mob":{"criteria":{"minecraft:skeleton":"2025-03-02 23:14:06 +0000"},"done":true},"minecraft:recipes/transportation/mangrove_boat":{"criteria":{"in_water":"2025-03-02 23:14:07 +0000"},"done":true},"minecraft:recipes/transportation/acacia_boat":{"criteria":{"in_water":"2025-03-02 23:14:07 +0000"},"done":true},"minecraft:recipes/transportation/cherry_boat":{"criteria":{"in_water":"2025-03-02 23:14:07 +0000"},"done":true},"minecraft:recipes/transportation/pale_oak_boat":{"criteria":{"in_water":"2025-03-02 23:14:07 +0000"},"done":true},"minecraft:recipes/transportation/bamboo_raft":{"criteria":{"in_water":"2025-03-02 23:14:07 +0000"},"done":true},"minecraft:recipes/transportation/spruce_boat":{"criteria":{"in_water":"2025-03-02 23:14:07 +0000"},"done":true},"minecraft:recipes/transportation/birch_boat":{"criteria":{"in_water":"2025-03-02 23:14:07 +0000"},"done":true},"minecraft:recipes/transportation/oak_boat":{"criteria":{"in_water":"2025-03-02 23:14:07 +0000"},"done":true},"minecraft:recipes/transportation/jungle_boat":{"criteria":{"in_water":"2025-03-02 23:14:07 +0000"},"done":true},"minecraft:recipes/transportation/dark_oak_boat":{"criteria":{"in_water":"2025-03-02 23:14:07 +0000"},"done":true},"minecraft:recipes/redstone/redstone":{"criteria":{"has_redstone_block":"2025-03-02 23:37:26 +0000"},"done":true},"minecraft:recipes/building_blocks/lime_concrete_powder":{"criteria":{"has_sand":"2025-03-02 23:37:42 +0000"},"done":true},"minecraft:recipes/building_blocks/light_gray_concrete_powder":{"criteria":{"has_sand":"2025-03-02 23:37:42 +0000"},"done":true},"minecraft:recipes/building_blocks/pink_concrete_powder":{"criteria":{"has_sand":"2025-03-02 23:37:42 +0000"},"done":true},"minecraft:recipes/building_blocks/orange_concrete_powder":{"criteria":{"has_sand":"2025-03-02 23:37:42 +0000"},"done":true},"minecraft:recipes/building_blocks/red_concrete_powder":{"criteria":{"has_sand":"2025-03-02 23:37:42 +0000"},"done":true},"minecraft:recipes/building_blocks/magenta_concrete_powder":{"criteria":{"has_sand":"2025-03-02 23:37:42 +0000"},"done":true},"minecraft:recipes/building_blocks/brown_concrete_powder":{"criteria":{"has_sand":"2025-03-02 23:37:42 +0000"},"done":true},"minecraft:recipes/building_blocks/light_blue_concrete_powder":{"criteria":{"has_sand":"2025-03-02 23:37:42 +0000"},"done":true},"minecraft:recipes/building_blocks/glass":{"criteria":{"has_smelts_to_glass":"2025-03-02 23:37:42 +0000"},"done":true},"minecraft:recipes/building_blocks/green_concrete_powder":{"criteria":{"has_sand":"2025-03-02 23:37:42 +0000"},"done":true},"minecraft:recipes/building_blocks/blue_concrete_powder":{"criteria":{"has_sand":"2025-03-02 23:37:42 +0000"},"done":true},"minecraft:recipes/building_blocks/yellow_concrete_powder":{"criteria":{"has_sand":"2025-03-02 23:37:42 +0000"},"done":true},"minecraft:recipes/building_blocks/sandstone":{"criteria":{"has_sand":"2025-03-02 23:37:42 +0000"},"done":true},"minecraft:recipes/building_blocks/white_concrete_powder":{"criteria":{"has_sand":"2025-03-02 23:37:42 +0000"},"done":true},"minecraft:recipes/building_blocks/gray_concrete_powder":{"criteria":{"has_sand":"2025-03-02 23:37:42 +0000"},"done":true},"minecraft:recipes/building_blocks/black_concrete_powder":{"criteria":{"has_sand":"2025-03-02 23:37:42 +0000"},"done":true},"minecraft:recipes/building_blocks/purple_concrete_powder":{"criteria":{"has_sand":"2025-03-02 23:37:42 +0000"},"done":true},"minecraft:recipes/building_blocks/cyan_concrete_powder":{"criteria":{"has_sand":"2025-03-02 23:37:42 +0000"},"done":true},"minecraft:husbandry/obtain_netherite_hoe":{"criteria":{"netherite_hoe":"2025-03-02 23:43:10 +0000"},"done":true},"minecraft:recipes/decorations/purple_stained_glass_pane":{"criteria":{"has_glass":"2025-03-03 00:31:35 +0000"},"done":true},"minecraft:recipes/food/dried_kelp_from_smoking":{"criteria":{"has_kelp":"2025-03-03 00:34:28 +0000"},"done":true},"minecraft:recipes/food/dried_kelp_from_smelting":{"criteria":{"has_kelp":"2025-03-03 00:34:28 +0000"},"done":true},"minecraft:recipes/food/dried_kelp_from_campfire_cooking":{"criteria":{"has_kelp":"2025-03-03 00:34:28 +0000"},"done":true},"minecraft:adventure/sleep_in_bed":{"criteria":{"slept_in_bed":"2025-03-03 00:44:39 +0000"},"done":true},"minecraft:recipes/misc/mojang_banner_pattern":{"criteria":{"has_enchanted_golden_apple":"2025-03-03 00:45:49 +0000"},"done":true},"minecraft:husbandry/balanced_diet":{"criteria":{"enchanted_golden_apple":"2025-03-03 00:45:54 +0000"},"done":false},"minecraft:husbandry/root":{"criteria":{"consumed_item":"2025-03-03 00:45:54 +0000"},"done":true},"minecraft:recipes/food/cake":{"criteria":{"has_egg":"2025-03-03 00:46:23 +0000"},"done":true},"minecraft:recipes/food/cooked_chicken_from_campfire_cooking":{"criteria":{"has_chicken":"2025-03-03 00:46:26 +0000"},"done":true},"minecraft:recipes/food/cooked_chicken":{"criteria":{"has_chicken":"2025-03-03 00:46:26 +0000"},"done":true},"minecraft:recipes/food/cooked_chicken_from_smoking":{"criteria":{"has_chicken":"2025-03-03 00:46:26 +0000"},"done":true},"minecraft:recipes/building_blocks/spruce_planks":{"criteria":{"has_logs":"2025-03-03 00:54:56 +0000"},"done":true},"minecraft:recipes/misc/charcoal":{"criteria":{"has_log":"2025-03-03 00:54:56 +0000"},"done":true},"minecraft:recipes/decorations/glow_item_frame":{"criteria":{"has_item_frame":"2025-03-03 11:31:05 +0000"},"done":true},"minecraft:recipes/combat/bow":{"criteria":{"has_string":"2025-03-03 11:35:36 +0000"},"done":true},"minecraft:recipes/tools/fishing_rod":{"criteria":{"has_string":"2025-03-03 11:35:36 +0000"},"done":true},"minecraft:recipes/building_blocks/white_wool_from_string":{"criteria":{"has_string":"2025-03-03 11:35:36 +0000"},"done":true},"minecraft:recipes/redstone/tripwire_hook":{"criteria":{"has_string":"2025-03-03 11:35:36 +0000"},"done":true},"minecraft:recipes/combat/crossbow":{"criteria":{"has_string":"2025-03-03 11:35:36 +0000"},"done":true},"minecraft:recipes/decorations/candle":{"criteria":{"has_string":"2025-03-03 11:35:36 +0000"},"done":true},"minecraft:recipes/decorations/loom":{"criteria":{"has_string":"2025-03-03 11:35:36 +0000"},"done":true},"minecraft:recipes/tools/bundle":{"criteria":{"has_string":"2025-03-03 11:35:36 +0000"},"done":true},"minecraft:recipes/food/cooked_beef_from_smoking":{"criteria":{"has_beef":"2025-03-03 11:35:45 +0000"},"done":true},"minecraft:recipes/food/cooked_beef":{"criteria":{"has_beef":"2025-03-03 11:35:45 +0000"},"done":true},"minecraft:recipes/food/cooked_beef_from_campfire_cooking":{"criteria":{"has_beef":"2025-03-03 11:35:45 +0000"},"done":true},"minecraft:recipes/decorations/soul_campfire":{"criteria":{"has_soul_sand":"2025-03-03 12:06:56 +0000"},"done":true},"minecraft:recipes/decorations/soul_torch":{"criteria":{"has_soul_sand":"2025-03-03 12:06:56 +0000"},"done":true},"minecraft:nether/get_wither_skull":{"criteria":{"wither_skull":"2025-03-03 12:06:59 +0000"},"done":true},"minecraft:recipes/misc/skull_banner_pattern":{"criteria":{"has_wither_skeleton_skull":"2025-03-03 12:06:59 +0000"},"done":true},"minecraft:nether/summon_wither":{"criteria":{"summoned":"2025-03-03 12:07:19 +0000"},"done":true},"minecraft:nether/netherite_armor":{"criteria":{"netherite_armor":"2025-03-03 12:08:20 +0000"},"done":true},"minecraft:recipes/decorations/chest":{"criteria":{"has_lots_of_items":"2025-03-03 12:08:26 +0000"},"done":true},"minecraft:recipes/food/suspicious_stew_from_wither_rose":{"criteria":{"has_wither_rose":"2025-03-03 12:10:59 +0000"},"done":true},"minecraft:recipes/misc/black_dye_from_wither_rose":{"criteria":{"has_wither_rose":"2025-03-03 12:10:59 +0000"},"done":true},"minecraft:recipes/food/cooked_cod_from_smoking":{"criteria":{"has_cod":"2025-03-03 12:11:04 +0000"},"done":true},"minecraft:recipes/food/cooked_cod_from_campfire_cooking":{"criteria":{"has_cod":"2025-03-03 12:11:04 +0000"},"done":true},"minecraft:recipes/food/cooked_cod":{"criteria":{"has_cod":"2025-03-03 12:11:04 +0000"},"done":true},"minecraft:recipes/misc/white_dye":{"criteria":{"has_bone_meal":"2025-03-03 12:11:15 +0000"},"done":true},"minecraft:recipes/misc/beacon":{"criteria":{"has_nether_star":"2025-03-03 12:11:15 +0000"},"done":true},"minecraft:recipes/building_blocks/bone_block":{"criteria":{"has_bone_meal":"2025-03-03 12:11:15 +0000"},"done":true},"minecraft:recipes/brewing/cauldron":{"criteria":{"has_water_bucket":"2025-03-03 12:11:48 +0000"},"done":true},"minecraft:recipes/building_blocks/oak_planks":{"criteria":{"has_logs":"2025-03-03 12:13:57 +0000"},"done":true},"minecraft:recipes/building_blocks/oak_wood":{"criteria":{"has_log":"2025-03-03 12:13:57 +0000"},"done":true},"minecraft:recipes/combat/arrow":{"criteria":{"has_feather":"2025-03-03 12:22:08 +0000"},"done":true},"minecraft:recipes/misc/firework_rocket_simple":{"criteria":{"has_gunpowder":"2025-03-03 14:25:10 +0000"},"done":true},"minecraft:recipes/redstone/tnt":{"criteria":{"has_gunpowder":"2025-03-03 14:25:10 +0000"},"done":true},"minecraft:recipes/building_blocks/cherry_planks":{"criteria":{"has_log":"2025-03-03 14:29:08 +0000"},"done":true},"minecraft:recipes/building_blocks/cherry_wood":{"criteria":{"has_log":"2025-03-03 14:29:08 +0000"},"done":true},"minecraft:recipes/building_blocks/cherry_slab":{"criteria":{"has_planks":"2025-03-03 14:29:35 +0000"},"done":true},"minecraft:recipes/redstone/cherry_fence_gate":{"criteria":{"has_planks":"2025-03-03 14:29:35 +0000"},"done":true},"minecraft:recipes/decorations/cherry_sign":{"criteria":{"has_planks":"2025-03-03 14:29:35 +0000"},"done":true},"minecraft:recipes/redstone/cherry_pressure_plate":{"criteria":{"has_planks":"2025-03-03 14:29:35 +0000"},"done":true},"minecraft:recipes/decorations/cherry_fence":{"criteria":{"has_planks":"2025-03-03 14:29:35 +0000"},"done":true},"minecraft:recipes/building_blocks/cherry_stairs":{"criteria":{"has_planks":"2025-03-03 14:29:35 +0000"},"done":true},"minecraft:recipes/misc/stick":{"criteria":{"has_planks":"2025-03-03 14:29:35 +0000"},"done":true},"minecraft:recipes/redstone/cherry_trapdoor":{"criteria":{"has_planks":"2025-03-03 14:29:35 +0000"},"done":true},"minecraft:recipes/redstone/cherry_button":{"criteria":{"has_planks":"2025-03-03 14:29:35 +0000"},"done":true},"minecraft:recipes/decorations/barrel":{"criteria":{"has_planks":"2025-03-03 14:29:35 +0000"},"done":true},"minecraft:recipes/redstone/cherry_door":{"criteria":{"has_planks":"2025-03-03 14:29:35 +0000"},"done":true},"minecraft:recipes/building_blocks/stripped_oak_wood":{"criteria":{"has_log":"2025-03-03 14:29:36 +0000"},"done":true},"minecraft:recipes/decorations/oak_hanging_sign":{"criteria":{"has_stripped_logs":"2025-03-03 14:29:36 +0000"},"done":true},"minecraft:recipes/redstone/redstone_lamp":{"criteria":{"has_glowstone":"2025-03-03 14:30:09 +0000"},"done":true},"minecraft:recipes/decorations/pink_stained_glass_pane":{"criteria":{"has_glass":"2025-03-03 14:30:10 +0000"},"done":true},"minecraft:recipes/brewing/fermented_spider_eye":{"criteria":{"has_spider_eye":"2025-03-03 14:47:42 +0000"},"done":true},"minecraft:recipes/decorations/prismarine_wall_from_prismarine_stonecutting":{"criteria":{"has_prismarine":"2025-03-03 14:56:05 +0000"},"done":true},"minecraft:recipes/building_blocks/prismarine_stairs":{"criteria":{"has_prismarine":"2025-03-03 14:56:05 +0000"},"done":true},"minecraft:recipes/decorations/prismarine_wall":{"criteria":{"has_prismarine":"2025-03-03 14:56:05 +0000"},"done":true},"minecraft:recipes/building_blocks/prismarine_slab_from_prismarine_stonecutting":{"criteria":{"has_prismarine":"2025-03-03 14:56:05 +0000"},"done":true},"minecraft:recipes/building_blocks/prismarine_slab":{"criteria":{"has_prismarine":"2025-03-03 14:56:05 +0000"},"done":true},"minecraft:recipes/building_blocks/prismarine_stairs_from_prismarine_stonecutting":{"criteria":{"has_prismarine":"2025-03-03 14:56:05 +0000"},"done":true},"minecraft:recipes/food/suspicious_stew_from_dandelion":{"criteria":{"has_dandelion":"2025-03-03 14:57:18 +0000"},"done":true},"minecraft:recipes/misc/yellow_dye_from_dandelion":{"criteria":{"has_dandelion":"2025-03-03 14:57:18 +0000"},"done":true},"minecraft:recipes/food/suspicious_stew_from_poppy":{"criteria":{"has_poppy":"2025-03-03 14:57:19 +0000"},"done":true},"minecraft:recipes/misc/red_dye_from_poppy":{"criteria":{"has_poppy":"2025-03-03 14:57:19 +0000"},"done":true},"minecraft:recipes/decorations/ladder":{"criteria":{"has_stick":"2025-03-03 22:49:03 +0000"},"done":true},"minecraft:recipes/decorations/torch":{"criteria":{"has_stone_pickaxe":"2025-03-03 23:14:28 +0000"},"done":true},"minecraft:recipes/building_blocks/coarse_dirt":{"criteria":{"has_gravel":"2025-03-03 21:55:04 +0000"},"done":true},"minecraft:recipes/misc/creeper_banner_pattern":{"criteria":{"has_creeper_head":"2025-03-03 23:12:55 +0000"},"done":true},"minecraft:recipes/misc/light_gray_dye_from_azure_bluet":{"criteria":{"has_azure_bluet":"2025-03-03 22:05:18 +0000"},"done":true},"minecraft:recipes/food/baked_potato_from_campfire_cooking":{"criteria":{"has_potato":"2025-03-03 23:16:25 +0000"},"done":true},"minecraft:recipes/building_blocks/oak_slab":{"criteria":{"has_planks":"2025-03-03 23:14:16 +0000"},"done":true},"minecraft:recipes/decorations/oak_sign":{"criteria":{"has_planks":"2025-03-03 23:14:16 +0000"},"done":true},"minecraft:recipes/redstone/oak_trapdoor":{"criteria":{"has_planks":"2025-03-03 23:14:16 +0000"},"done":true},"minecraft:recipes/misc/gold_nugget_from_smelting":{"criteria":{"has_golden_axe":"2025-03-03 22:44:20 +0000"},"done":true},"minecraft:recipes/decorations/campfire":{"criteria":{"has_stick":"2025-03-03 22:49:03 +0000"},"done":true},"minecraft:recipes/misc/sugar_from_sugar_cane":{"criteria":{"has_sugar_cane":"2025-03-03 23:16:41 +0000"},"done":true},"minecraft:recipes/tools/wooden_hoe":{"criteria":{"has_stick":"2025-03-03 22:49:03 +0000"},"done":true},"minecraft:recipes/redstone/oak_fence_gate":{"criteria":{"has_planks":"2025-03-03 23:14:16 +0000"},"done":true},"minecraft:recipes/tools/wooden_pickaxe":{"criteria":{"has_stick":"2025-03-03 22:49:03 +0000"},"done":true},"minecraft:recipes/food/baked_potato_from_smoking":{"criteria":{"has_potato":"2025-03-03 23:16:25 +0000"},"done":true},"minecraft:recipes/food/baked_potato":{"criteria":{"has_potato":"2025-03-03 23:16:25 +0000"},"done":true},"minecraft:story/upgrade_tools":{"criteria":{"stone_pickaxe":"2025-03-03 23:14:28 +0000"},"done":true},"minecraft:recipes/tools/wooden_axe":{"criteria":{"has_stick":"2025-03-03 22:49:03 +0000"},"done":true},"minecraft:recipes/misc/gold_nugget_from_blasting":{"criteria":{"has_golden_axe":"2025-03-03 22:44:20 +0000"},"done":true},"minecraft:recipes/redstone/oak_pressure_plate":{"criteria":{"has_planks":"2025-03-03 23:14:16 +0000"},"done":true},"minecraft:recipes/redstone/oak_door":{"criteria":{"has_planks":"2025-03-03 23:14:16 +0000"},"done":true},"minecraft:recipes/decorations/smoker":{"criteria":{"has_furnace":"2025-03-03 23:15:42 +0000"},"done":true},"minecraft:recipes/tools/wooden_shovel":{"criteria":{"has_stick":"2025-03-03 22:49:03 +0000"},"done":true},"minecraft:recipes/building_blocks/oak_stairs":{"criteria":{"has_planks":"2025-03-03 23:14:16 +0000"},"done":true},"minecraft:recipes/decorations/oak_fence":{"criteria":{"has_planks":"2025-03-03 23:14:16 +0000"},"done":true},"minecraft:recipes/combat/wooden_sword":{"criteria":{"has_stick":"2025-03-03 22:49:03 +0000"},"done":true},"minecraft:recipes/food/suspicious_stew_from_azure_bluet":{"criteria":{"has_azure_bluet":"2025-03-03 22:05:18 +0000"},"done":true},"minecraft:recipes/misc/paper":{"criteria":{"has_reeds":"2025-03-03 23:16:41 +0000"},"done":true},"minecraft:story/root":{"criteria":{"crafting_table":"2025-03-03 23:15:40 +0000"},"done":true},"minecraft:recipes/redstone/oak_button":{"criteria":{"has_planks":"2025-03-03 23:14:16 +0000"},"done":true},"DataVersion":4189}